{
  "type": "minecraft:random_patch",
  "config": {
    "feature": {
      "feature": {
        "type": "minecraft:simple_block",
        "config": {
          "to_place": {
            "type": "minecraft:weighted_state_provider",
            "entries": [
              {
                "data": {
                  "Name": "rocks:gravel_rock",
                  "Properties": {
                    "variation": "tiny",
                    "waterlogged": "false"
                  }
                },
                "weight": 10
              },
              {
                "data": {
                  "Name": "rocks:gravel_rock",
                  "Properties": {
                    "variation": "small",
                    "waterlogged": "false"
                  }
                },
                "weight": 7
              },
              {
                "data": {
                  "Name": "rocks:gravel_rock",
                  "Properties": {
                    "variation": "medium",
                    "waterlogged": "false"
                  }
                },
                "weight": 5
              },
              {
                "data": {
                  "Name": "rocks:gravel_rock",
                  "Properties": {
                    "variation": "large",
                    "waterlogged": "false"
                  }
                },
                "weight": 1
              }
            ]
          }
        }
      },
      "placement": [
        {
          "type": "minecraft:block_predicate_filter",
          "predicate": {
            "type": "minecraft:all_of",
            "predicates": [
              {
                "type": "minecraft:matching_blocks",
                "blocks": "minecraft:air"
              },
              {
                "type": "minecraft:matching_blocks",
                "blocks": "minecraft:gravel",
                "offset": [
                  0,
                  -1,
                  0
                ]
              }
            ]
          }
        }
      ]
    },
    "tries": 128,
    "xz_spread": 7,
    "y_spread": 3
  }
}