{
  "type": "rocks:add_features_with_blacklist",
  "blacklist": [],
  "features": "rocks:birch_stick",
  "step": "top_layer_modification",
  "whitelist": [
    "terralith:birch_taiga",
    "terralith:haze_mountain",
    "terralith:lavender_forest",
    "terralith:orchid_swamp",
    "terralith:sakura_grove",
    "terralith:sakura_valley",
    "terralith:skylands_spring",
    "terralith:skylands_autumn",
    "terralith:temperate_highlands",
    "terralith:valley_clearing",
    "terralith:white_cliffs",
    "terralith:yosemite_cliffs",
    "terralith:yosemite_lowlands",
    "minecraft:forest",
    "minecraft:flower_forest",
    "minecraft:birch_forest",
    "minecraft:old_growth_birch_forest",
    "biomesoplenty:auroral_garden",
    "biomesoplenty:aspen_glade",
    "biomesoplenty:seasonal_forest",
    "biomesoplenty:seasonal_orchard",
    "biomesoplenty:pumpkin_patch"
  ]
}