{
  "type": "rocks:add_features_with_blacklist",
  "blacklist": [],
  "features": "rocks:oak_stick",
  "step": "top_layer_modification",
  "whitelist": [
    "terralith:blooming_valley",
    "terralith:brushland",
    "terralith:haze_mountain",
    "terralith:ice_marsh",
    "terralith:orchid_swamp",
    "terralith:rocky_shrubland",
    "terralith:shrubland",
    "terralith:skylands_autumn",
    "terralith:temperate_highlands",
    "terralith:valley_clearing",
    "terralith:yosemite_cliffs",
    "terralith:yosemite_lowlands",
    "minecraft:forest",
    "minecraft:flower_forest",
    "minecraft:dark_forest",
    "minecraft:swamp",
    "minecraft:plains",
    "biomesoplenty:bog",
    "biomesoplenty:dead_forest",
    "biomesoplenty:dryland",
    "biomesoplenty:field",
    "biomesoplenty:floodplain",
    "biomesoplenty:lavender_field",
    "biomesoplenty:lavender_forest",
    "biomesoplenty:maple_woods",
    "biomesoplenty:mediterranean_forest",
    "biomesoplenty:moor",
    "biomesoplenty:muskeg",
    "biomesoplenty:mystic_grove",
    "biomesoplenty:old_growth_dead_forest",
    "biomesoplenty:old_growth_woodland",
    "biomesoplenty:orchard",
    "biomesoplenty:prairie",
    "biomesoplenty:pumpkin_patch",
    "biomesoplenty:rocky_shrubland",
    "biomesoplenty:scrubland",
    "biomesoplenty:seasonal_forest",
    "biomesoplenty:seasonal_orchard",
    "biomesoplenty:shrubland",
    "biomesoplenty:snowy_maple_woods",
    "biomesoplenty:tundra",
    "biomesoplenty:wasteland",
    "biomesoplenty:wasteland_steppe",
    "biomesoplenty:woodland"
  ]
}