{
  "type": "rocks:add_features_with_blacklist",
  "blacklist": [],
  "features": "rocks:sand_rock",
  "step": "top_layer_modification",
  "whitelist": [
    "terralith:ancient_sands",
    "terralith:arid_highlands",
    "terralith:bryce_canyon",
    "terralith:desert_canyon",
    "terralith:desert_oasis",
    "terralith:desert_spires",
    "terralith:fractured_savanna",
    "terralith:hot_shrubland",
    "terralith:lush_desert",
    "terralith:painted_mountains",
    "terralith:red_oasis",
    "terralith:sandstone_valley",
    "terralith:savanna_badlands",
    "terralith:savanna_plateau",
    "terralith:savanna_slopes",
    "terralith:snowy_badlands",
    "terralith:skylands_summer",
    "terralith:stony_spires",
    "terralith:volcanic_crater",
    "terralith:volcanic_peaks",
    "terralith:white_mesa",
    "terralith:windswept_spires",
    "biomesoplenty:dryland",
    "biomesoplenty:dune_beach",
    "biomesoplenty:lush_desert",
    "biomesoplenty:lush_savanna",
    "biomesoplenty:tropics",
    "biomesoplenty:volcanic_plains",
    "biomesoplenty:volcano",
    "biomesoplenty:wasteland",
    "biomesoplenty:wasteland_steppe",
    "yungscavebiomes:lost_caves",
    "biomesoplenty:gravel_beach",
    "biomesoplenty:hot_springs"
  ]
}