{
  "type": "rocks:add_features_with_blacklist",
  "blacklist": [],
  "features": "rocks:spruce_stick",
  "step": "top_layer_modification",
  "whitelist": [
    "terralith:alpine_grove",
    "terralith:alpine_highlands",
    "terralith:cloud_forest",
    "terralith:cold_shrubland",
    "terralith:forested_highlands",
    "terralith:haze_mountain",
    "terralith:highlands",
    "terralith:ice_marsh",
    "terralith:lavender_forest",
    "terralith:lavender_valley",
    "terralith:lush_valley",
    "terralith:mountain_steppe",
    "terralith:rocky_shrubland",
    "terralith:shield",
    "terralith:shield_clearing",
    "terralith:shrubland",
    "terralith:siberian_grove",
    "terralith:siberian_taiga",
    "terralith:snowy_maple_forest",
    "terralith:snowy_shield",
    "terralith:valley_clearing",
    "terralith:wintry_forest",
    "terralith:wintry_lowlands",
    "terralith:yellowstone",
    "terralith:yosemite_cliffs",
    "terralith:yosemite_lowlands",
    "minecraft:grove",
    "minecraft:windswept_hills",
    "minecraft:windswept_gravelly_hills",
    "minecraft:windswept_forest",
    "minecraft:taiga",
    "minecraft:old_growth_pine_taiga",
    "minecraft:old_growth_spruce_taiga",
    "minecraft:snowy_taiga",
    "minecraft:snowy_plains",
    "terralith:moonlight_valley",
    "terralith:moonlight_grove",
    "biomesoplenty:bog",
    "biomesoplenty:clover_patch",
    "biomesoplenty:dead_forest",
    "biomesoplenty:field",
    "biomesoplenty:forested_field",
    "biomesoplenty:jade_cliffs",
    "biomesoplenty:maple_woods",
    "biomesoplenty:mediterranean_forest",
    "biomesoplenty:pumpkin_patch",
    "biomesoplenty:seasonal_forest",
    "biomesoplenty:seasonal_orchard",
    "biomesoplenty:snowy_maple_woods",
    "biomesoplenty:hot_springs"
  ]
}