{
  "type": "minecraft:random_patch",
  "config": {
    "feature": {
      "feature": {
        "type": "minecraft:simple_block",
        "config": {
          "to_place": {
            "type": "minecraft:weighted_state_provider",
            "entries": [
              {
                "data": {
                  "Name": "rocks:mangrove_stick",
                  "Properties": {
                    "variation": "small",
                    "waterlogged": "false"
                  }
                },
                "weight": 7
              },
              {
                "data": {
                  "Name": "rocks:mangrove_stick",
                  "Properties": {
                    "variation": "medium",
                    "waterlogged": "false"
                  }
                },
                "weight": 5
              },
              {
                "data": {
                  "Name": "rocks:mangrove_stick",
                  "Properties": {
                    "variation": "large",
                    "waterlogged": "false"
                  }
                },
                "weight": 1
              }
            ]
          }
        }
      },
      "placement": [
        {
          "type": "minecraft:block_predicate_filter",
          "predicate": {
            "type": "minecraft:all_of",
            "predicates": [
              {
                "type": "minecraft:matching_blocks",
                "blocks": "minecraft:air"
              }
            ]
          }
        }
      ]
    },
    "tries": 1024,
    "xz_spread": 5,
    "y_spread": 0
  }
}