{
  "type": "rocks:add_features_with_blacklist",
  "blacklist": [
    "#minecraft:is_nether",
    "#minecraft:is_end",
    "#minecraft:has_structure/igloo",
    "#forge:is_sandy",
    "#minecraft:is_badlands",
    "#minecraft:is_ocean"
  ],
  "features": "rocks:rock",
  "step": "top_layer_modification",
  "whitelist": [
    "terralith:alpine_grove",
    "terralith:alpine_highlands",
    "terralith:arid_highlands",
    "terralith:ashen_savanna",
    "terralith:basalt_cliffs",
    "terralith:birch_taiga",
    "terralith:blooming_plateau",
    "terralith:blooming_valley",
    "terralith:brushland",
    "terralith:caldera",
    "terralith:cloud_forest",
    "terralith:cold_shrubland",
    "terralith:emerald_peaks",
    "terralith:forested_highlands",
    "terralith:fractured_savanna",
    "terralith:granite_cliffs",
    "terralith:gravel_beach",
    "terralith:gravel_desert",
    "terralith:haze_mountain",
    "terralith:highlands",
    "terralith:hot_shrubland",
    "terralith:ice_marsh",
    "terralith:jungle_mountains",
    "terralith:lavender_forest",
    "terralith:lavender_valley",
    "terralith:lush_valley",
    "terralith:mountain_steppe",
    "terralith:orchid_swamp",
    "terralith:rocky_jungle",
    "terralith:rocky_mountains",
    "terralith:rocky_shrubland",
    "terralith:sakura_grove",
    "terralith:sakura_valley",
    "terralith:savanna_badlands",
    "terralith:savanna_slopes",
    "terralith:scarlet_mountains",
    "terralith:shield",
    "terralith:shield_clearing",
    "terralith:shrubland",
    "terralith:siberian_grove",
    "terralith:siberian_taiga",
    "terralith:snowy_cherry_grove",
    "terralith:snowy_maple_forest",
    "terralith:snowy_shield",
    "terralith:steppe",
    "terralith:stony_spires",
    "terralith:temperate_highlands",
    "terralith:tropical_jungle",
    "terralith:valley_clearing",
    "terralith:volcanic_crater",
    "terralith:volcanic_peaks",
    "terralith:white_cliffs",
    "terralith:windswept_spires",
    "terralith:wintry_forest",
    "terralith:wintry_lowlands",
    "terralith:yellowstone",
    "terralith:yosemite_cliffs",
    "terralith:yosemite_lowlands",
    "minecraft:jagged_peaks",
    "minecraft:stony_peaks",
    "minecraft:meadow",
    "minecraft:cherry_grove",
    "minecraft:grove",
    "minecraft:snowy_slopes",
    "minecraft:windswept_hills",
    "minecraft:windswept_gravelly_hills",
    "minecraft:windswept_forest",
    "minecraft:forest",
    "minecraft:flower_forest",
    "minecraft:taiga",
    "minecraft:old_growth_pine_taiga",
    "minecraft:old_growth_spruce_taiga",
    "minecraft:snowy_taiga",
    "minecraft:birch_forest",
    "minecraft:old_growth_birch_forest",
    "minecraft:dark_forest",
    "minecraft:jungle",
    "minecraft:sparse_jungle",
    "minecraft:bamboo_jungle",
    "minecraft:swamp",
    "minecraft:mangrove_swamp",
    "minecraft:stony_shore",
    "minecraft:beach",
    "minecraft:snowy_beach",
    "minecraft:plains",
    "minecraft:sunflower_plains",
    "minecraft:snowy_plains",
    "minecraft:savanna",
    "minecraft:savanna_plateau",
    "minecraft:windswept_savanna",
    "minecraft:deep_dark",
    "minecraft:dripstone_caves",
    "minecraft:lush_caves",
    "terralith:amethyst_canyon",
    "terralith:amethyst_rainforest",
    "terralith:moonlight_valley",
    "terralith:moonlight_grove",
    "biomesoplenty:auroral_garden",
    "biomesoplenty:bayou",
    "biomesoplenty:bog",
    "biomesoplenty:clover_patch",
    "biomesoplenty:cold_desert",
    "biomesoplenty:coniferous_forest",
    "biomesoplenty:crag",
    "biomesoplenty:dead_forest",
    "biomesoplenty:dryland",
    "biomesoplenty:dune_beach",
    "biomesoplenty:field",
    "biomesoplenty:fir_clearing",
    "biomesoplenty:floodplain",
    "biomesoplenty:forested_field",
    "biomesoplenty:fungal_jungle",
    "biomesoplenty:glowing_grotto",
    "biomesoplenty:grassland",
    "biomesoplenty:highland",
    "biomesoplenty:jade_cliffs",
    "biomesoplenty:lavender_field",
    "biomesoplenty:lavender_forest",
    "biomesoplenty:lush_desert",
    "biomesoplenty:lush_savanna",
    "biomesoplenty:maple_woods",
    "biomesoplenty:marsh",
    "biomesoplenty:mediterranean_forest",
    "biomesoplenty:moor",
    "biomesoplenty:muskeg",
    "biomesoplenty:mystic_grove",
    "biomesoplenty:old_growth_dead_forest",
    "biomesoplenty:old_growth_woodland",
    "biomesoplenty:ominous_woods",
    "biomesoplenty:orchard",
    "biomesoplenty:pasture",
    "biomesoplenty:prairie",
    "biomesoplenty:pumpkin_patch",
    "biomesoplenty:rainforest",
    "biomesoplenty:redwood_forest",
    "biomesoplenty:rocky_rainforest",
    "biomesoplenty:rocky_shrubland",
    "biomesoplenty:scrubland",
    "biomesoplenty:seasonal_forest",
    "biomesoplenty:seasonal_orchard",
    "biomesoplenty:shrubland",
    "biomesoplenty:snowblossom_grove",
    "biomesoplenty:snowy_coniferous_forest",
    "biomesoplenty:snowy_fir_clearing",
    "biomesoplenty:snowy_maple_woods",
    "biomesoplenty:spider_nest",
    "biomesoplenty:tropics",
    "biomesoplenty:tundra",
    "biomesoplenty:volcanic_plains",
    "biomesoplenty:volcano",
    "biomesoplenty:wasteland",
    "biomesoplenty:wasteland_steppe",
    "biomesoplenty:wetland",
    "biomesoplenty:woodland",
    "yungscavebiomes:frosted_caves",
    "yungscavebiomes:lost_caves",
    "biomesoplenty:aspen_glade",
    "biomesoplenty:gravel_beach",
    "biomesoplenty:hot_springs",
    "biomesoplenty:jacaranda_glade",
    "biomesoplenty:overgrown_greens"
  ]
}