{
  "type": "rocks:add_features_with_blacklist",
  "blacklist": [],
  "features": "rocks:snowy_geyser",
  "step": "top_layer_modification",
  "whitelist": [
    "minecraft:frozen_river",
    "minecraft:snowy_plains",
    "minecraft:ice_spikes",
    "minecraft:snowy_taiga",
    "minecraft:snowy_slopes",
    "minecraft:grove",
    "minecraft:frozen_peaks",
    "minecraft:jagged_peaks",
    "terralith:alpine_grove",
    "terralith:alpine_highlands",
    "terralith:caldera",
    "terralith:emerald_peaks",
    "terralith:frozen_cliffs",
    "terralith:glacial_chasm",
    "terralith:ice_marsh",
    "terralith:rocky_mountains",
    "terralith:rocky_shrubland",
    "terralith:scarlet_mountains",
    "terralith:siberian_grove",
    "terralith:skylands_winter",
    "terralith:snowy_cherry_grove",
    "terralith:snowy_badlands",
    "terralith:snowy_maple_forest",
    "terralith:snowy_shield",
    "terralith:wintry_forest",
    "terralith:wintry_lowlands",
    "biomesoplenty:auroral_garden",
    "biomesoplenty:cold_desert",
    "biomesoplenty:hot_springs",
    "biomesoplenty:muskeg",
    "biomesoplenty:snowblossom_grove",
    "biomesoplenty:snowy_coniferous_forest",
    "biomesoplenty:snowy_fir_clearing",
    "biomesoplenty:snowy_maple_woods"
  ]
}